{"is_source_file": true, "format": "Python", "description": "A script that generates an OpenAPI schema from a FastAPI app instance and saves it as a JSON file.", "external_files": ["src/api/main.py", "interfaces/openapi.json"], "external_methods": ["app.openapi()"], "published": [], "classes": [], "methods": [{"name": "app.openapi", "description": "Method call to generate the OpenAPI schema from the FastAPI app instance."}], "calls": ["json.dump", "os.makedirs", "os.path.join", "app.openapi"], "search-terms": ["generate_openapi", "OpenAPI schema", "FastAPI", "app.openapi()", "JSON schema output"], "state": 2, "file_id": 1, "knowledge_revision": 8, "git_revision": "cb31e8aac16c24fd2b78a5c9aadf87c4bb168c97", "ctags": [{"_type": "tag", "name": "openapi_schema", "path": "/home/kavia/workspace/code-generation/resident-directory-management-system-201786-201795/resident_api_server/src/api/generate_openapi.py", "pattern": "/^openapi_schema = app.openapi()$/", "language": "Python", "kind": "variable"}, {"_type": "tag", "name": "output_dir", "path": "/home/kavia/workspace/code-generation/resident-directory-management-system-201786-201795/resident_api_server/src/api/generate_openapi.py", "pattern": "/^output_dir = \"interfaces\"$/", "language": "Python", "kind": "variable"}, {"_type": "tag", "name": "output_path", "path": "/home/kavia/workspace/code-generation/resident-directory-management-system-201786-201795/resident_api_server/src/api/generate_openapi.py", "pattern": "/^output_path = os.path.join(output_dir, \"openapi.json\")$/", "language": "Python", "kind": "variable"}], "hash": "61e3715e79bc397fab3e70f503a41417", "format-version": 4, "code-base-name": "resident_api_server", "filename": "resident_api_server/src/api/generate_openapi.py", "fields": [{"name": "openapi_schema = app.openapi()", "scope": "", "scopeKind": "", "description": "unavailable"}, {"name": "output_dir = \"interfaces\"", "scope": "", "scopeKind": "", "description": "unavailable"}, {"name": "output_path = os.path.join(output_dir, \"openapi.json\")", "scope": "", "scopeKind": "", "description": "unavailable"}], "revision_history": [{"8": "cb31e8aac16c24fd2b78a5c9aadf87c4bb168c97"}]}