{"is_source_file": true, "format": "Python", "description": "This file sets up a basic FastAPI web server with CORS middleware and a health check endpoint.", "external_files": ["fastapi", "fastapi.middleware.cors"], "external_methods": ["FastAPI", "CORSMiddleware"], "published": ["app"], "classes": [], "methods": [{"name": "health_check()", "description": "A simple endpoint returning a health status message.", "scope": "", "scopeKind": ""}], "calls": ["FastAPI()", "app.add_middleware()", "CORSMiddleware()", "app.get()"], "search-terms": ["FastAPI", "CORSMiddleware", "health check endpoint", "CORS", "API server"], "state": 2, "file_id": 2, "knowledge_revision": 9, "git_revision": "cb31e8aac16c24fd2b78a5c9aadf87c4bb168c97", "ctags": [{"_type": "tag", "name": "app", "path": "/home/kavia/workspace/code-generation/resident-directory-management-system-201786-201795/resident_api_server/src/api/main.py", "pattern": "/^app = FastAPI()$/", "language": "Python", "kind": "variable"}, {"_type": "tag", "name": "health_check", "path": "/home/kavia/workspace/code-generation/resident-directory-management-system-201786-201795/resident_api_server/src/api/main.py", "pattern": "/^def health_check():$/", "language": "Python", "kind": "function", "signature": "()"}], "hash": "58352bf5f133908bab16643199aa483d", "format-version": 4, "code-base-name": "resident_api_server", "filename": "resident_api_server/src/api/main.py", "fields": [{"name": "app = FastAPI()", "scope": "", "scopeKind": "", "description": "unavailable"}], "revision_history": [{"9": "cb31e8aac16c24fd2b78a5c9aadf87c4bb168c97"}]}